
--------------------------------------------1. wgrać dane------------------------------------

CREATE TABLE IF NOT EXISTS Nazwiska (
    ID_NAZWISKA INTEGER PRIMARY KEY,
    NAZWISKO TEXT NOT NULL
); 
INSERT INTO Nazwiska (ID_NAZWISKA, NAZWISKO) VALUES (1,'Nazwisko1');
INSERT INTO Nazwiska (ID_NAZWISKA, NAZWISKO) VALUES (2,'Nazwisko2');
INSERT INTO Nazwiska (ID_NAZWISKA, NAZWISKO) VALUES (3,'Nazwisko3');
INSERT INTO Nazwiska (ID_NAZWISKA, NAZWISKO) VALUES (4,'Nazwisko4');
INSERT INTO Nazwiska (ID_NAZWISKA, NAZWISKO) VALUES (5,'Nazwisko5');
INSERT INTO Nazwiska (ID_NAZWISKA, NAZWISKO) VALUES (6,'Nazwisko6');
INSERT INTO Nazwiska (ID_NAZWISKA, NAZWISKO) VALUES (7,'Nazwisko7');
INSERT INTO Nazwiska (ID_NAZWISKA, NAZWISKO) VALUES (8,'Nazwisko8');
INSERT INTO Nazwiska (ID_NAZWISKA, NAZWISKO) VALUES (9,'Nazwisko9');
INSERT INTO Nazwiska (ID_NAZWISKA, NAZWISKO) VALUES (10,'Nazwisko10');

CREATE TABLE IF NOT EXISTS Adresy (
    ID_ADRESU INTEGER PRIMARY KEY,
    ADRES TEXT NOT NULL
); 
INSERT INTO Adresy (ID_ADRESU, ADRES) VALUES (1,'Adres1');
INSERT INTO Adresy (ID_ADRESU, ADRES) VALUES (2,'Adres2');
INSERT INTO Adresy (ID_ADRESU, ADRES) VALUES (3,'Adres3');
INSERT INTO Adresy (ID_ADRESU, ADRES) VALUES (4,'Adres4');
INSERT INTO Adresy (ID_ADRESU, ADRES) VALUES (5,'Adres5');
INSERT INTO Adresy (ID_ADRESU, ADRES) VALUES (6,'Adres6');
INSERT INTO Adresy (ID_ADRESU, ADRES) VALUES (8,'Adres8');
INSERT INTO Adresy (ID_ADRESU, ADRES) VALUES (9,'Adres9');
INSERT INTO Adresy (ID_ADRESU, ADRES) VALUES (10,'Adres1');
INSERT INTO Adresy (ID_ADRESU, ADRES) VALUES (11,'Adres11');


CREATE TABLE IF NOT EXISTS Osoby (
    ID INTEGER PRIMARY KEY,
    IMIE TEXT NOT NULL,
    NAZWISKO INTEGER,
    ADRES INTEGER,
    FOREIGN KEY (NAZWISKO) REFERENCES Nazwiska (ID_NAZWISKA),
    FOREIGN KEY (ADRES) REFERENCES Adresy (ID_ADRESU)
);
INSERT INTO Osoby (ID, IMIE, NAZWISKO, ADRES) VALUES (1,'Imie1',1,2);
INSERT INTO Osoby (ID, IMIE, NAZWISKO, ADRES) VALUES (2,'Imie2',1,2);
INSERT INTO Osoby (ID, IMIE, NAZWISKO, ADRES) VALUES (3,'Imie3',2,2);
INSERT INTO Osoby (ID, IMIE, NAZWISKO, ADRES) VALUES (4,'Imie4',3,1);
INSERT INTO Osoby (ID, IMIE, NAZWISKO, ADRES) VALUES (5,'Imie5',4,1);
INSERT INTO Osoby (ID, IMIE, NAZWISKO, ADRES) VALUES (6,'Imie6',4,1);
INSERT INTO Osoby (ID, IMIE, NAZWISKO, ADRES) VALUES (7,'Imie7',4,2);
INSERT INTO Osoby (ID, IMIE, NAZWISKO, ADRES) VALUES (8,'Imie8',1,2);
INSERT INTO Osoby (ID, IMIE, NAZWISKO, ADRES) VALUES (9,'Imie9',1,2);
INSERT INTO Osoby (ID, IMIE, NAZWISKO, ADRES) VALUES (10,'Imie10',2,2);
INSERT INTO Osoby (ID, IMIE, NAZWISKO, ADRES) VALUES (11,'Imie11',1,2);
INSERT INTO Osoby (ID, IMIE, NAZWISKO, ADRES) VALUES (12,'Imie12',2,2);



CREATE TABLE IF NOT EXISTS Oceny (
    ID_OSOBY INTEGER,
    OCENA INTEGER,
    FOREIGN KEY (ID_OSOBY) REFERENCES Osoby (ID)
);       

INSERT INTO Oceny (ID_OSOBY, OCENA) VALUES (1,3); INSERT INTO Oceny (ID_OSOBY, OCENA) VALUES (8,4);
INSERT INTO Oceny (ID_OSOBY, OCENA) VALUES (2,2); INSERT INTO Oceny (ID_OSOBY, OCENA) VALUES (9,2);
INSERT INTO Oceny (ID_OSOBY, OCENA) VALUES (3,4); INSERT INTO Oceny (ID_OSOBY, OCENA) VALUES (10,6);
INSERT INTO Oceny (ID_OSOBY, OCENA) VALUES (4,1); INSERT INTO Oceny (ID_OSOBY, OCENA) VALUES (11,4);
INSERT INTO Oceny (ID_OSOBY, OCENA) VALUES (5,4); INSERT INTO Oceny (ID_OSOBY, OCENA) VALUES (12,3);
INSERT INTO Oceny (ID_OSOBY, OCENA) VALUES (6,5); INSERT INTO Oceny (ID_OSOBY, OCENA) VALUES (1,4);
INSERT INTO Oceny (ID_OSOBY, OCENA) VALUES (7,2); INSERT INTO Oceny (ID_OSOBY, OCENA) VALUES (2,2);
INSERT INTO Oceny (ID_OSOBY, OCENA) VALUES (3,2); INSERT INTO Oceny (ID_OSOBY, OCENA) VALUES (10,2);
INSERT INTO Oceny (ID_OSOBY, OCENA) VALUES (4,4); INSERT INTO Oceny (ID_OSOBY, OCENA) VALUES (11,3);
INSERT INTO Oceny (ID_OSOBY, OCENA) VALUES (5,1); INSERT INTO Oceny (ID_OSOBY, OCENA) VALUES (12,1);
INSERT INTO Oceny (ID_OSOBY, OCENA) VALUES (6,2); INSERT INTO Oceny (ID_OSOBY, OCENA) VALUES (1,4);
INSERT INTO Oceny (ID_OSOBY, OCENA) VALUES (7,5); INSERT INTO Oceny (ID_OSOBY, OCENA) VALUES (2,3);
INSERT INTO Oceny (ID_OSOBY, OCENA) VALUES (8,6); INSERT INTO Oceny (ID_OSOBY, OCENA) VALUES (3,2);
INSERT INTO Oceny (ID_OSOBY, OCENA) VALUES (9,3); INSERT INTO Oceny (ID_OSOBY, OCENA) VALUES (4,4);
INSERT INTO Oceny (ID_OSOBY, OCENA) VALUES (5,5); INSERT INTO Oceny (ID_OSOBY, OCENA) VALUES (9,1);
INSERT INTO Oceny (ID_OSOBY, OCENA) VALUES (6,3); INSERT INTO Oceny (ID_OSOBY, OCENA) VALUES (10,4);
INSERT INTO Oceny (ID_OSOBY, OCENA) VALUES (7,2); INSERT INTO Oceny (ID_OSOBY, OCENA) VALUES (11,5);
INSERT INTO Oceny (ID_OSOBY, OCENA) VALUES (8,4); INSERT INTO Oceny (ID_OSOBY, OCENA) VALUES (12,2);



-----------------------------------------------2. joiny-------------------------

--inner join------------------------ 
--SELECT Osoby.IMIE, Nazwiska.NAZWISKO, Adresy.ADRES
--FROM Osoby
--INNER JOIN Nazwiska ON Nazwiska.ID_NAZWISKA = Osoby.NAZWISKO
--INNER JOIN Adresy ON Adresy.ID_ADRESU = Osoby.ADRES;


-------left JOIN
--SELECT Osoby.ID, Osoby.IMIE, Oceny.Ocena
--FROM Oceny
--LEFT JOIN Osoby ON Oceny.ID_OSOBY = Osoby.ID;


-----right JOIN
--SELECT Osoby.IMIE, Adresy.ADRES
--FROM Adresy
--RIGHT JOIN Osoby ON Adresy.ID_ADRESU = Osoby.ADRES;




----------------------------3. unie-------------------------- 
SELECT IMIE FROM Osoby
UNION
SELECT NAZWISKO FROM Nazwiska;





